train/loss_simple,train/loss_vlb,train/loss,train/loss_clip,epoch,step
0.14840438961982727,0.003698056098073721,0.3075163662433624,0.15911197662353516,0,13
0.15460455417633057,0.00585233373567462,0.1622897833585739,0.007685235235840082,1,27
0.1393006443977356,0.0022775554098188877,0.14448963105678558,0.005188997369259596,2,41
