train/loss_simple,train/loss_vlb,train/loss,train/loss_clip,epoch,step
0.14694181084632874,0.002511825878173113,0.17181652784347534,0.024874726310372353,0,111
